ReviewBody,subjetivo,polaridade,gabarito
"['O ambiente √© muito agrad√°vel, a comida √©  excelente e o atendimento foi √≥timo.']",1,1,1
"['Tem m√∫sica ambiente, com piano nos finais de semana.']",0,0,0
['Tudo excelente.'],1,1,1
"['Ambiente agrad√°vel, bom atendimento, card√°pio variado.']",1,1,1
['Oferece op√ß√µes para quem n√£o abre m√£o da carne.'],0,1,0
"['Os pratos s√£o bem servidos, apresenta√ß√£o boa e muito saborosos.']",1,1,1
"['E a vista √© um brinde, gostei das mesas da sacada.']",1,1,1
"['Lugar muito bom, bom atendimento e comida deliciosa!']",1,1,1
['A feijoada do almo√ßo no s√°bado √© divina.'],0,0,1
['Vale a pena conferir.'],0,1,0
['O happy hour tamb√©m √© imperd√≠vel.'],1,1,1
"['Almocei com a fam√≠lia no Dom pastel e fui atendida com excel√™ncia pelo gar√ßom  Eduardo al√©m do que, o prato de carne de sol estava muito gostoso e bem servido.']",1,1,1
"['Ambiente descolado, atendimento bom.']",1,1,1
['O pre√ßo √© salgado para cidade de Fortaleza.'],0,0,1
['O que deixa a desejar √© a obriga√ß√£o de pagar couvert art√≠stico.'],1,1,1
['Barzinho descontra√≠do e √≥timo para encontrar os amigos.'],1,1,1
['Bem frequentado e bom ambiente.'],1,1,1
['Em frente q pra√ßa da Espanha.'],0,0,0
['Boa variedade de bebida e comida no card√°pio a pre√ßos alinhados ao mercado.'],1,1,1
['Atendimento bom.'],1,1,1
['Pedi o bolinho de carne e estava delicioso.'],1,1,1
['Muito bom!!'],1,1,1
['!'],0,0,0
"['Cuidado com as filas, tente chegar cedo para conseguir mesa.']",1,0,1
"['O p√£o de calabresa √© excelente, assim como o mousse preto e branco.']",1,1,1
"['Adoro o skininha Grill, pelo atendimento e cerveja gelada.']",1,-1,1
['Adoro a localiza√ß√£o e a comida.'],1,1,1
['Ambiente agrad√°vel.'],1,1,1
"['Almo√ßo r√°pido, atendimento ok, os pratos s√£o bem servidos!']",1,1,1
['Para um casal sem tanta fome os pratos de camar√£o individuais d√£o tranquilo!'],1,1,1
['Boa pedida pra ir com fam√≠lia'],1,1,1
['Restaurante muito bom !'],1,1,1
"['Comida italiana deliciosa e com pre√ßo justo , porem aos domingos muito cheio.']",1,1,1
['Espera longa!'],1,-1,1
['Vale a pena ...Tudo √≥timo üëçüèª'],1,1,1
['Chopp fabricacao pr√≥pria nota 10!'],1,1,1
['Pratos t√≠picos alem√£es e cozinha internacional.'],0,-1,0
"['Servi√ßo excelente, vc pensa e a coisa chega!']",1,1,1
['Recomendo.'],0,0,1
['No Brascan Mall no Itaim Bibi.'],0,0,0
"['√ìtimo ambiente,atendimento muito eficiente e prestativo ( n√£o se acanhe de pedir explica√ß√µes sobre os pratos eles o fazem com muita paci√™ncia e objetividade ).']",1,1,1
['O chef est√° sempre por perto p√°ssando nas mesas e conversando com simpatia com todos.'],0,0,0
"['Apesar de sofisticado , o ambiente √© informal pelo atendimento de todos .']",1,1,0
"['O principal, a comida, posso afirmar ter sido uma das mais  sofisticadas e bem elaboradas de todos os restaurantes que j√° frequentei mundo afora.']",1,1,1
"['O card√°pio de comidas francesas √© bem diversificado e posso sugerir o que provamos: o confit de foie gras foi inesquec√≠vel, a codorna pedida pela minha esposa ( desossada e tenra ) estava espetacular.']",1,1,1
"['N√£o se trata de restaurante popular, portanto, o pre√ßo faz jus √†o que se prop√µe.']",1,-1,1
['Pratos individuais em torno de 75-90 reais .'],1,0,0
['Carta de vinho com muitos r√≥tulos franceses al√©m de bons argentinos e chilenos com escala de pre√ßos de 600- 100 .'],1,1,0
['Reserve pois por volta de 21:30 fica dif√≠cil conseguir lugar.'],1,-1,1
['Recomendad√≠ssimo para um jantar especial em Porto Alegre'],1,1,1
"['Local calmo, perto da orla de Camburi, com por√ß√µes deliciosas e com bom pre√ßo.']",1,1,1
['Recomendo a visita .. ter√ßas e quartas chopp em dobro !'],0,0,1
"['Local maravilhoso para ir com crian√ßas, pois voc√™ pode tomar seu drink e comer past√©is, pizzas e at√© caranguejos, bem sossegados, pois existe um espa√ßo infantil para crian√ßas com monitores que podem ser utilizados pelos clientes.']",1,1,1
['Tive duas √∫nicas e p√©ssimas experi√™ncias com esse local.'],1,-1,1
['Em ambas visitas fui a convite de amigos que resolveram comemorar seus anivers√°rios l√°  e sa√≠ desejando nunca mais voltar.'],0,0,1
"['Uma foi por volta de 2012 ou 2013, outra foi agora em novembro, mas nada mudou.']",0,0,0
"['Sem nenhum exagero, √© o pior atendimento que eu j√° vi num bar.']",1,-1,1
['Os gar√ßons te tratam como se estivessem fazendo um favor de te atender.'],0,0,1
"['Fingem que n√£o te viram chamando, anotam bebida a mais na cartela e em vez de corrigirem a anota√ß√£o trazem a bebida a mais.']",1,1,1
['√â um show de absurdos.'],0,0,1
"['E se voc√™ chama outro gar√ßom pedindo pra corrigir o pedido ele ainda te responde ""se ele anotou, ele vai trazer"".']",1,-1,1
['Parece piada.'],0,0,1
"['Minha √∫ltima visita durou o tempo recorde de 40 minutos, porque √© imposs√≠vel ficar num lugar lotado, com atendimento ruim e bebendo um chope terrivelmente quente.']",1,-1,1
['A rodada dupla era quase um castigo: traziam os dois chopes pra voc√™ de uma vez s√≥.'],0,-1,1
['A√≠ o neg√≥cio que j√° chega quente fica em cima da mesa esquentando ainda mais.'],1,1,1
['√â rid√≠culo.'],1,-1,1
['A comida √© cara e tamb√©m decepciona.'],1,-1,1
"['Pedi uma por√ß√£o de pastel de angu com recheio de queijo que chegou metade quente, metade frio.']",1,-1,1
"['Frio de mal frito mesmo, com o queijo em peda√ßos dentro do pastel, n√£o deu tempo nem de derreter.']",1,-1,1
"['Paguei a conta, fui embora e n√£o pretendo voltar nunca mais.']",0,0,1
['Sugiro que voc√™ tamb√©m n√£o v√°.'],0,0,1
"['Tem lugar muito melhor na cidade pra voc√™ gastar seu dinheiro, vai por mim.']",1,1,0
"['√ìtimo restaurante self-service, com farto e delicioso buffet, numa localiza√ß√£o apraz√≠vel e conveniente junto ao Parque da Reden√ß√£o.']",1,1,1
"['Al√©m do grande sal√£o, pode-se tamb√©m escolher mesas ao ar livre no parque, o que sempre √© a minha prefer√™ncia.']",1,1,0
['Aos fins de semana pode haver fila.'],0,0,1
['O pre√ßo √∫nico √© muito conveniente pois podemos servir-nos √† vontade e quantas vezes nos aprouver; sobremesas incluidas.'],1,1,1
"['O √∫nico risco √© comer demais, pois h√° grande variedade e tudo √© muito saboroso!']",1,1,1
['N√£o da pra ir a Natal e n√£o comer a melhor carne de sol.'],1,1,1
"['Muito saborosa, macia.']",1,1,1
['Fomos muito bem atendidos e a comida chegou bem r√°pido.'],1,1,1
"['A vista ent√£o, nem se fala.']",0,0,1
['Tudo muito bonito.'],1,1,1
"['Otimo lugar, hambiente clean, atendimento nota 10, comida boa.']",1,1,1
['super recomendo.'],1,1,1
"['internet de boa qualidade, otimo pre√ßo.']",1,1,1
"['Restaurante muito bonito , comida bem feita , por√©m o atendimento √© p√©ssimo , gar√ßons passam por n√≥s e n√£o atendem ....']",1,-1,1
['Fui 1 vez a caneca zero grau muito gelada e atendimento e petisco bom e bem servido.'],1,-1,1
"['Na 2¬∞vez comemorei meu niver l√° e agora com rod√≠zio de petisco dia de semana, gostei s√≥ achei que eles seguram um pouco os petiscos tendo q ficar pedindo algumas vezes,m√∫sica ao vivo boa,s√≥ estava muito calor acho a dia de semana eles √± colocam as mesas na cal√ßada,m√∫sica estava bastante alta oq fazia com que a gente tivesse q gritar p conversar.']",1,1,1
['Mas virou um dos meus queridinhos do P√≥lo.'],0,0,1
"['Rodizio estava 29,90.']",0,0,0
"['O atendimento √© um destaque do madeiro Cuiab√°, funcion√°rios muito comprometidos, comida boa e ambiente √≥timo, recomendo sem medo.']",1,1,1
"['O problema de ir em restaurante famoso √© que chegamos l√° com espectativas altas da√≠ n√£o avaliamos com isen√ß√£o, se for sem pr√© concep√ß√£o ver√° um √≥timo restaurante.']",1,1,0
['Gostei muito de almo√ßar no Oliva e vou sempre l√°.'],1,1,1
['Mas ontem inventei de ir para um rod√≠zio de pizza no restaurante imaginando que seria t√£o bom quanto o almo√ßo.'],1,1,0
['Conselho: n√£o v√° para o rod√≠zio.'],0,0,1
"['O rod√≠zio √© caro demais para os sabores da pizza que oferecem: queijo e presunto, marguerita, frango, calabresa, e os melhores eram quatro queijos e peperoni e apenas uma vez apareceu uma de camar√£o.']",1,-1,1
"['J√° fui para rod√≠zios de mesmo valor com uma variedade de pizzas maior e sabores menos ""comuns"".']",1,-1,1
"['Al√©m disso, o local n√£o estava cheio e as pizzas demoravam uma vida para chegar na mesa (imagine se o local estivesse cheio).']",1,1,1
['lugar agrad√°vel com √≥timo atendimento e √≥timos pre√ßos .musica ao vivo variada .'],1,1,1
"['lugar para ir com amigos , fam√≠lia']",1,1,0
['Estivemos em Campo Grande para um fim de semana e resolvemos almo√ßar no domingo no Yallah.'],0,0,1
['Comida excelente!'],1,1,1
['Atendimento muito especial!'],1,1,1
['Vale a pena visita!'],0,1,1
['Restaurante simples com a melhor comida libanesa que comi.'],1,1,1
['..'],0,0,0
['A come√ßar pelo atendimento da Valeria e do restante da equipe: impec√°vel!!!'],1,1,1
"['Havia espera de uns 45 minutos, mas sentamos muito antes disso.']",1,-1,0
"['Pedimos um guioza de entrada, que estava muito saboroso (massa e recheio).']",1,1,1
['Os drinks muito bons e os ramens (Shoyu e Tom Tom) estavam excepcionais.'],1,1,1
['A experi√™ncia e a satisfa√ß√£o n√£o podiam ser melhores.'],1,1,1
['Uma grata surpresa com os sabores e quantidades.'],1,1,1
['Pre√ßos justos pela qualidade e sabores servidos.'],1,1,1
['Nota 10!!!'],0,0,1
['!'],0,0,1
"['Trata-se de praticamente uma boate a v√°rias m√£os, pois s√£o muitos estabelecimentos de comidas e bebidas e um espa√ßo com palco e banda coletivos, quase uma balada.']",1,1,0
"['Comida lusitana da melhor qualidade, card√°pio bem humorado (Lula √† moda FHC, sobremesa Viva o Gordo, Siri Dando Sopa, etc.']",1,1,1
[')... Imperd√≠vel!'],0,0,1
['√ìtima localiza√ß√£o entre as praias de Iracema e Meireles.'],1,1,1
"['Sempre lotado e comida de √≥tima qualidade, mas prepare o bolso pois os pre√ßos s√£o bem salgados.']",1,1,1
['..'],0,0,1
"['Gostei muito do boi bom , excelente estabelecimento, super cordiais com os clientes, vale a pena conferir']",1,1,1
['A comida √© muito boa e apesar de cheio o atendimento √© r√°pido.'],1,1,1
['O que chama mais aten√ß√£o √© o ambiente que lembra uma constru√ß√£o inacabada com m√∫sica ambiente.'],1,1,0
['Recomendo!'],0,0,1
['!'],0,0,0
['Estivemos no restaurante do shopping no dia 1/12.'],0,0,0
['Fomos muito bem atendidos.'],1,1,1
"['Solicitamos um prato de peixe com camar√£o que n√£o foi entregue de acordo com o card√°pio, mas a cozinha e a atendente providenciaram em complementar o prato de acordo com o solicitado.']",1,1,1
['Informaram que o card√°pio havia mudado h√° poucos dias e a cozinha ainda n√£o havia se acostumado com as novidades.'],0,-1,0
['Prato saboroso e lugar agrad√°vel.'],1,1,1
"['Ambiente bem bacana, adoro o atendimento, comida √≥tima.']",1,1,1
['Indico o sanduiche Mercado S√£o Sebasti√£o.'],0,0,1
['Perfeita com uma Endiger Dunkel üòâ'],1,1,1
['Mas valeu a pena.'],0,1,1
['Que camar√µes deliciosos.'],1,1,1
"['Foi uma escolha sem preten√ß√£o pois estavamos com pressa, mas muito bom, s√≥ o pre√ßo que desagradou.']",1,1,1
['.. salgou'],0,0,1
['Comida deliciosa e atendimento cordial; gar√ßons atenciosos ...sem contar na localiza√ß√£o.'],1,1,1
['Voltarei com certeza.'],1,1,1
['Melhor sobremesa da vida!'],1,1,1
"['Estava fazendo compras e paramos nesse restaurante por kg para almo√ßar, nos pareceu o mais tranquilo e limpo na regi√£o.']",1,1,1
['Foi um almo√ßo simples ambiente limpo e comida para o dia a dia.'],1,1,1
['Foi uma boa op√ß√£o para a regi√£o.'],1,1,1
['Acredito que uma das melhores em custo ben√©fico'],1,1,1
['√ìtimo ambiente.'],1,1,1
['Comida saborosa.'],0,0,1
['Pre√ßo justo.'],1,1,1
['Boa op√ß√£o para comemorar anivers√°rio poisbtem um ambiente separado.'],1,1,1
"['Esse restaurante serve uma comida simples mas muito boa, o fil√©s s√£o a melhor parte do card√°pio, mas fique atento √† mostarda que vem na mesa, certamente a mais forte que eu j√° provei em toda minha vida!']",1,1,1
"['O atendimento √© r√°pido e o ambiente √© simples mas confort√°vel, uma boa op√ß√£o.']",1,1,1
"['J√° fui algumas vezes ao Pasta em Casa, e a experi√™ncia √© sempre extremamente agrad√°vel.']",1,1,1
"['O √© dividido entre o restaurante, uma mercearia e uma forneria.']",0,0,0
"['A comida √© muito boa, segue um modelo de cozinha mais artesanal e de menor escala, e consegue ter qualidade constante.']",1,1,1
"['O ambiente, que modificou bastante e cresceu ao longo do tempo, √© bem charmoso!']",1,1,1
"['A decora√ß√£o √© descolada, com ilumina√ß√£o na medida e tudo de muito bom gosto.']",1,1,1
"['O atendimento √© muito bom, com os donos sempre presentes, e √© um dos poucos restaurantes de Salvador que n√£o cobra taxa de servi√ßo.']",1,1,1
"['H√° pouco tempo abriram  uma Forneria anexa ao restaurante, que consegue ser ainda melhor do que o restaurante.']",1,1,1
['Tem √≥timos pratos feitos no forno √† lenha e os MELHORES drinques da cidade.'],1,1,1
['O Gin Tonic √© imped√≠vel!!'],0,0,1
['!'],0,0,1
"['Ambiente agrad√°vel, atendimento r√°pido, produtos excelentes e √≥timo ambiente a pre√ßos justos e atendimento cordial.']",1,1,1
['Frontera passou por uma fase complicada e cheguei a parar de frequentar mas felizmente foi superada!'],1,-1,1
['Alem do Buffet conta com o rodizio de pizza.'],0,0,0
['Tudo muito gostoso e caprichado.'],1,1,1
['Atendimento muito bom!'],1,1,1
['Voltei.'],0,0,0
['Recomendo!'],0,0,1
['Vista linda e √≥timo atendimento.'],1,1,1
"['Se quiser entrada, vale a pena experimentar o palmito.']",0,1,0
"['O polvo estava delicioso, no ponto certo.']",1,1,1
"['Por fim, adorei a torta de chocolate com castanhas.']",1,1,1
['Acho muito interessante ter a promo√ß√£o do UBER ao faze a reserva no site do restaurante.'],1,1,0
"['N√£o como carne h√° anos, mas minha fam√≠lia come, ent√£o sempre vamos ao Rio Brasa, que al√©m das melhores carnes, possuem muitas op√ß√µes de frutos do mar.']",1,1,1
['O polvo com alho e √≥leo √© demais!'],1,1,1
['O salm√£o mega fresco e saboroso.'],1,1,1
"['Ainda na comida japonesa, tem uma especialidade na casa, coxinhas de salm√£o (fina fatia de salm√£o recheada de cream cheese e coberta com gergelim triturado e molho doce) del√≠cia!']",1,1,1
['Carta de vinho com bons r√≥tulos.'],1,1,1
"['Se puder, v√° de dia de semana, a qualidade no atendimento √© mil vezes melhor que finais de semana, onde tem muita fila, barulho e correria!']",1,1,1
['Dia de semana √© tratamento vip e exclusivo!'],0,0,1
['Situada no largo Zumbi dos Palmares tem o ponto alto no estacionamento que √© em frente.'],0,0,0
['As mesas e cadeiras s√£o desconfort√°veis √© muito juntas dificultando inclusive o atendimento que mesmo assim √© bom.'],1,-1,1
['A climatiza√ß√£o √© razo√°vel mas o local √© muito √∫mido.'],1,1,1
['O WiFi √© sem senha mas muito lento.'],1,-1,1
['O n√≠vel de ru√≠do do ambiente √© muito alto.'],1,1,0
['Os toaletes s√£o muito simples e sem cuidado com a limpeza e com um agravante do masculino estar localizado no piso superior com acesso por escada fixa estreita.'],1,1,1
"['A carta de cervejas √© razo√°vel mas com pre√ßos altos e a carta de vinhos tem 38 itens com pre√ßos desde R$ 10,00 (ta√ßa) at√© R$ 87,09 (Andeluna Malbec Argentino).']",1,1,0
"['Os pre√ßos das pizzas s√£o: individual R$ 29,90, 1/4 metro R$ 44,90 e 1/2 metro R$ 69,90.']",1,0,0
['A massa √© alta e se aproxima da que se faz em casa sem descanso da massa √© servida com temperatura de 48 graus e ainda com a pedra com temperatura em torno de 70 graus e portanto sem capacidade de manter a temperatura adequada para consumo.'],1,1,1
"['Os pre√ßos s√£o altos para que √© oferecido mas a empresa trabalha com site de descontos e da√≠ os pre√ßos ficam adequados, o que acho injusto pois meu no caso paguei o pre√ßo alto j√° que n√£o verifiquei antes e n√£o imprimi do boleto que me daria o desconto.']",1,1,1
['Custo x benef√≠cio ruim.'],1,-1,1
"['Este bar, fica a cerca de 30 metros do Palace flat, tem um atendimento excelente, varias marcas de cervejas, sempre bem geladas e assim com o a picanha fatiada no ponto , lugar de gente feliz.']",1,1,1
"['Quando chegamos √† Maceio, ouvi falar muito do Imperador doa Camar√µes, e obviamente precisei vir conhecer.']",1,0,0
"['Escolhemos o prato chefe da casa, que √© o famoso ""chiclete de camar√£o"".']",1,1,0
"['Eh bem diferente e √© gostoso, por√©m tem que gostar muito de queijo, pois o prato tem 04 tipos de queijo diferentes e tem muito camar√£o, essa √© a melhor parte.']",1,1,1
"['Eles cobram R$6,00 por pessoa de couvert art√≠stico mais a taxa de servi√ßo.']",0,0,0
"['Quando eu fui, eu paguei apenas o couvert art√≠stico e optei por n√£o tenho pagar a taxa de servi√ßo, pois achei um absurdo pagar o couvert art√≠stico por pessoa mais a taxa de servi√ßo.']",1,-1,1
['Quem n√£o gosta de um churrasco?'],0,0,0
"['esse lugar √© um lugar lindo,agrad√°vel e muito confort√°vel,vale a pena.']",1,1,1
['Sa√≠mos de longe e de outros estados em um grupo de 20 pessoas para Nos divertir-mos.'],0,1,1