ReviewBody,subjetivo,polaridade
"['O ambiente √© muito agrad√°vel, a comida √©  excelente e o atendimento foi √≥timo.']",1,1
"['Tem m√∫sica ambiente, com piano nos finais de semana.']",0,0
['Tudo excelente.'],1,1
"['Ambiente agrad√°vel, bom atendimento, card√°pio variado.']",1,1
['Oferece op√ß√µes para quem n√£o abre m√£o da carne.'],0,1
"['Os pratos s√£o bem servidos, apresenta√ß√£o boa e muito saborosos.']",1,1
"['E a vista √© um brinde, gostei das mesas da sacada.']",1,1
"['Lugar muito bom, bom atendimento e comida deliciosa!']",1,1
['A feijoada do almo√ßo no s√°bado √© divina.'],0,0
['Vale a pena conferir.'],0,1
['O happy hour tamb√©m √© imperd√≠vel.'],1,1
"['Almocei com a fam√≠lia no Dom pastel e fui atendida com excel√™ncia pelo gar√ßom  Eduardo al√©m do que, o prato de carne de sol estava muito gostoso e bem servido.']",1,1
"['Ambiente descolado, atendimento bom.']",1,1
['O pre√ßo √© salgado para cidade de Fortaleza.'],0,0
['O que deixa a desejar √© a obriga√ß√£o de pagar couvert art√≠stico.'],1,1
['Barzinho descontra√≠do e √≥timo para encontrar os amigos.'],1,1
['Bem frequentado e bom ambiente.'],1,1
['Em frente q pra√ßa da Espanha.'],0,0
['Boa variedade de bebida e comida no card√°pio a pre√ßos alinhados ao mercado.'],1,1
['Atendimento bom.'],1,1
['Pedi o bolinho de carne e estava delicioso.'],1,1
['Muito bom!!'],1,1
['!'],0,0
"['Cuidado com as filas, tente chegar cedo para conseguir mesa.']",1,0
"['O p√£o de calabresa √© excelente, assim como o mousse preto e branco.']",1,1
"['Adoro o skininha Grill, pelo atendimento e cerveja gelada.']",1,-1
['Adoro a localiza√ß√£o e a comida.'],1,1
['Ambiente agrad√°vel.'],1,1
"['Almo√ßo r√°pido, atendimento ok, os pratos s√£o bem servidos!']",1,1
['Para um casal sem tanta fome os pratos de camar√£o individuais d√£o tranquilo!'],1,1
['Boa pedida pra ir com fam√≠lia'],1,1
['Restaurante muito bom !'],1,1
"['Comida italiana deliciosa e com pre√ßo justo , porem aos domingos muito cheio.']",1,1
['Espera longa!'],1,-1
['Vale a pena ...Tudo √≥timo üëçüèª'],1,1
['Chopp fabricacao pr√≥pria nota 10!'],1,1
['Pratos t√≠picos alem√£es e cozinha internacional.'],0,-1
"['Servi√ßo excelente, vc pensa e a coisa chega!']",1,1
['Recomendo.'],0,0
['No Brascan Mall no Itaim Bibi.'],0,0
"['√ìtimo ambiente,atendimento muito eficiente e prestativo ( n√£o se acanhe de pedir explica√ß√µes sobre os pratos eles o fazem com muita paci√™ncia e objetividade ).']",1,1
['O chef est√° sempre por perto p√°ssando nas mesas e conversando com simpatia com todos.'],0,0
"['Apesar de sofisticado , o ambiente √© informal pelo atendimento de todos .']",1,1
"['O principal, a comida, posso afirmar ter sido uma das mais  sofisticadas e bem elaboradas de todos os restaurantes que j√° frequentei mundo afora.']",1,1
"['O card√°pio de comidas francesas √© bem diversificado e posso sugerir o que provamos: o confit de foie gras foi inesquec√≠vel, a codorna pedida pela minha esposa ( desossada e tenra ) estava espetacular.']",1,1
"['N√£o se trata de restaurante popular, portanto, o pre√ßo faz jus √†o que se prop√µe.']",1,-1
['Pratos individuais em torno de 75-90 reais .'],1,0
['Carta de vinho com muitos r√≥tulos franceses al√©m de bons argentinos e chilenos com escala de pre√ßos de 600- 100 .'],1,1
['Reserve pois por volta de 21:30 fica dif√≠cil conseguir lugar.'],1,-1
['Recomendad√≠ssimo para um jantar especial em Porto Alegre'],1,1
"['Local calmo, perto da orla de Camburi, com por√ß√µes deliciosas e com bom pre√ßo.']",1,1
['Recomendo a visita .. ter√ßas e quartas chopp em dobro !'],0,0
"['Local maravilhoso para ir com crian√ßas, pois voc√™ pode tomar seu drink e comer past√©is, pizzas e at√© caranguejos, bem sossegados, pois existe um espa√ßo infantil para crian√ßas com monitores que podem ser utilizados pelos clientes.']",1,1
['Tive duas √∫nicas e p√©ssimas experi√™ncias com esse local.'],1,-1
['Em ambas visitas fui a convite de amigos que resolveram comemorar seus anivers√°rios l√°  e sa√≠ desejando nunca mais voltar.'],0,0
"['Uma foi por volta de 2012 ou 2013, outra foi agora em novembro, mas nada mudou.']",0,0
"['Sem nenhum exagero, √© o pior atendimento que eu j√° vi num bar.']",1,-1
['Os gar√ßons te tratam como se estivessem fazendo um favor de te atender.'],0,0
"['Fingem que n√£o te viram chamando, anotam bebida a mais na cartela e em vez de corrigirem a anota√ß√£o trazem a bebida a mais.']",1,1
['√â um show de absurdos.'],0,0
"['E se voc√™ chama outro gar√ßom pedindo pra corrigir o pedido ele ainda te responde ""se ele anotou, ele vai trazer"".']",1,-1
['Parece piada.'],0,0
"['Minha √∫ltima visita durou o tempo recorde de 40 minutos, porque √© imposs√≠vel ficar num lugar lotado, com atendimento ruim e bebendo um chope terrivelmente quente.']",1,-1
['A rodada dupla era quase um castigo: traziam os dois chopes pra voc√™ de uma vez s√≥.'],0,-1
['A√≠ o neg√≥cio que j√° chega quente fica em cima da mesa esquentando ainda mais.'],1,1
['√â rid√≠culo.'],1,-1
['A comida √© cara e tamb√©m decepciona.'],1,-1
"['Pedi uma por√ß√£o de pastel de angu com recheio de queijo que chegou metade quente, metade frio.']",1,-1
"['Frio de mal frito mesmo, com o queijo em peda√ßos dentro do pastel, n√£o deu tempo nem de derreter.']",1,-1
"['Paguei a conta, fui embora e n√£o pretendo voltar nunca mais.']",0,0
['Sugiro que voc√™ tamb√©m n√£o v√°.'],0,0
"['Tem lugar muito melhor na cidade pra voc√™ gastar seu dinheiro, vai por mim.']",1,1
"['√ìtimo restaurante self-service, com farto e delicioso buffet, numa localiza√ß√£o apraz√≠vel e conveniente junto ao Parque da Reden√ß√£o.']",1,1
"['Al√©m do grande sal√£o, pode-se tamb√©m escolher mesas ao ar livre no parque, o que sempre √© a minha prefer√™ncia.']",1,1
['Aos fins de semana pode haver fila.'],0,0
['O pre√ßo √∫nico √© muito conveniente pois podemos servir-nos √† vontade e quantas vezes nos aprouver; sobremesas incluidas.'],1,1
"['O √∫nico risco √© comer demais, pois h√° grande variedade e tudo √© muito saboroso!']",1,1
['N√£o da pra ir a Natal e n√£o comer a melhor carne de sol.'],1,1
"['Muito saborosa, macia.']",1,1
['Fomos muito bem atendidos e a comida chegou bem r√°pido.'],1,1
"['A vista ent√£o, nem se fala.']",0,0
['Tudo muito bonito.'],1,1
"['Otimo lugar, hambiente clean, atendimento nota 10, comida boa.']",1,1
['super recomendo.'],1,1
"['internet de boa qualidade, otimo pre√ßo.']",1,1
"['Restaurante muito bonito , comida bem feita , por√©m o atendimento √© p√©ssimo , gar√ßons passam por n√≥s e n√£o atendem ....']",1,-1
['Fui 1 vez a caneca zero grau muito gelada e atendimento e petisco bom e bem servido.'],1,-1
"['Na 2¬∞vez comemorei meu niver l√° e agora com rod√≠zio de petisco dia de semana, gostei s√≥ achei que eles seguram um pouco os petiscos tendo q ficar pedindo algumas vezes,m√∫sica ao vivo boa,s√≥ estava muito calor acho a dia de semana eles √± colocam as mesas na cal√ßada,m√∫sica estava bastante alta oq fazia com que a gente tivesse q gritar p conversar.']",1,1
['Mas virou um dos meus queridinhos do P√≥lo.'],0,0
"['Rodizio estava 29,90.']",0,0
"['O atendimento √© um destaque do madeiro Cuiab√°, funcion√°rios muito comprometidos, comida boa e ambiente √≥timo, recomendo sem medo.']",1,1
"['O problema de ir em restaurante famoso √© que chegamos l√° com espectativas altas da√≠ n√£o avaliamos com isen√ß√£o, se for sem pr√© concep√ß√£o ver√° um √≥timo restaurante.']",1,1
['Gostei muito de almo√ßar no Oliva e vou sempre l√°.'],1,1
['Mas ontem inventei de ir para um rod√≠zio de pizza no restaurante imaginando que seria t√£o bom quanto o almo√ßo.'],1,1
['Conselho: n√£o v√° para o rod√≠zio.'],0,0
"['O rod√≠zio √© caro demais para os sabores da pizza que oferecem: queijo e presunto, marguerita, frango, calabresa, e os melhores eram quatro queijos e peperoni e apenas uma vez apareceu uma de camar√£o.']",1,-1
"['J√° fui para rod√≠zios de mesmo valor com uma variedade de pizzas maior e sabores menos ""comuns"".']",1,-1
"['Al√©m disso, o local n√£o estava cheio e as pizzas demoravam uma vida para chegar na mesa (imagine se o local estivesse cheio).']",1,1
['lugar agrad√°vel com √≥timo atendimento e √≥timos pre√ßos .musica ao vivo variada .'],1,1
"['lugar para ir com amigos , fam√≠lia']",1,1
['Estivemos em Campo Grande para um fim de semana e resolvemos almo√ßar no domingo no Yallah.'],0,0
['Comida excelente!'],1,1
['Atendimento muito especial!'],1,1
['Vale a pena visita!'],0,1
['Restaurante simples com a melhor comida libanesa que comi.'],1,1
['..'],0,0
['A come√ßar pelo atendimento da Valeria e do restante da equipe: impec√°vel!!!'],1,1
"['Havia espera de uns 45 minutos, mas sentamos muito antes disso.']",1,-1
"['Pedimos um guioza de entrada, que estava muito saboroso (massa e recheio).']",1,1
['Os drinks muito bons e os ramens (Shoyu e Tom Tom) estavam excepcionais.'],1,1
['A experi√™ncia e a satisfa√ß√£o n√£o podiam ser melhores.'],1,1
['Uma grata surpresa com os sabores e quantidades.'],1,1
['Pre√ßos justos pela qualidade e sabores servidos.'],1,1
['Nota 10!!!'],0,0
['!'],0,0
"['Trata-se de praticamente uma boate a v√°rias m√£os, pois s√£o muitos estabelecimentos de comidas e bebidas e um espa√ßo com palco e banda coletivos, quase uma balada.']",1,1
"['Comida lusitana da melhor qualidade, card√°pio bem humorado (Lula √† moda FHC, sobremesa Viva o Gordo, Siri Dando Sopa, etc.']",1,1
[')... Imperd√≠vel!'],0,0
['√ìtima localiza√ß√£o entre as praias de Iracema e Meireles.'],1,1
"['Sempre lotado e comida de √≥tima qualidade, mas prepare o bolso pois os pre√ßos s√£o bem salgados.']",1,1
['..'],0,0
"['Gostei muito do boi bom , excelente estabelecimento, super cordiais com os clientes, vale a pena conferir']",1,1
['A comida √© muito boa e apesar de cheio o atendimento √© r√°pido.'],1,1
['O que chama mais aten√ß√£o √© o ambiente que lembra uma constru√ß√£o inacabada com m√∫sica ambiente.'],1,1
['Recomendo!'],0,0
['!'],0,0
['Estivemos no restaurante do shopping no dia 1/12.'],0,0
['Fomos muito bem atendidos.'],1,1
"['Solicitamos um prato de peixe com camar√£o que n√£o foi entregue de acordo com o card√°pio, mas a cozinha e a atendente providenciaram em complementar o prato de acordo com o solicitado.']",1,1
['Informaram que o card√°pio havia mudado h√° poucos dias e a cozinha ainda n√£o havia se acostumado com as novidades.'],0,-1
['Prato saboroso e lugar agrad√°vel.'],1,1
"['Ambiente bem bacana, adoro o atendimento, comida √≥tima.']",1,1
['Indico o sanduiche Mercado S√£o Sebasti√£o.'],0,0
['Perfeita com uma Endiger Dunkel üòâ'],1,1
['Mas valeu a pena.'],0,1
['Que camar√µes deliciosos.'],1,1
"['Foi uma escolha sem preten√ß√£o pois estavamos com pressa, mas muito bom, s√≥ o pre√ßo que desagradou.']",1,1
['.. salgou'],0,0
['Comida deliciosa e atendimento cordial; gar√ßons atenciosos ...sem contar na localiza√ß√£o.'],1,1
['Voltarei com certeza.'],1,1
['Melhor sobremesa da vida!'],1,1
"['Estava fazendo compras e paramos nesse restaurante por kg para almo√ßar, nos pareceu o mais tranquilo e limpo na regi√£o.']",1,1
['Foi um almo√ßo simples ambiente limpo e comida para o dia a dia.'],1,1
['Foi uma boa op√ß√£o para a regi√£o.'],1,1
['Acredito que uma das melhores em custo ben√©fico'],1,1
['√ìtimo ambiente.'],1,1
['Comida saborosa.'],0,0
['Pre√ßo justo.'],1,1
['Boa op√ß√£o para comemorar anivers√°rio poisbtem um ambiente separado.'],1,1
"['Esse restaurante serve uma comida simples mas muito boa, o fil√©s s√£o a melhor parte do card√°pio, mas fique atento √† mostarda que vem na mesa, certamente a mais forte que eu j√° provei em toda minha vida!']",1,1
"['O atendimento √© r√°pido e o ambiente √© simples mas confort√°vel, uma boa op√ß√£o.']",1,1
"['J√° fui algumas vezes ao Pasta em Casa, e a experi√™ncia √© sempre extremamente agrad√°vel.']",1,1
"['O √© dividido entre o restaurante, uma mercearia e uma forneria.']",0,0
"['A comida √© muito boa, segue um modelo de cozinha mais artesanal e de menor escala, e consegue ter qualidade constante.']",1,1
"['O ambiente, que modificou bastante e cresceu ao longo do tempo, √© bem charmoso!']",1,1
"['A decora√ß√£o √© descolada, com ilumina√ß√£o na medida e tudo de muito bom gosto.']",1,1
"['O atendimento √© muito bom, com os donos sempre presentes, e √© um dos poucos restaurantes de Salvador que n√£o cobra taxa de servi√ßo.']",1,1
"['H√° pouco tempo abriram  uma Forneria anexa ao restaurante, que consegue ser ainda melhor do que o restaurante.']",1,1
['Tem √≥timos pratos feitos no forno √† lenha e os MELHORES drinques da cidade.'],1,1
['O Gin Tonic √© imped√≠vel!!'],0,0
['!'],0,0
"['Ambiente agrad√°vel, atendimento r√°pido, produtos excelentes e √≥timo ambiente a pre√ßos justos e atendimento cordial.']",1,1
['Frontera passou por uma fase complicada e cheguei a parar de frequentar mas felizmente foi superada!'],1,-1
['Alem do Buffet conta com o rodizio de pizza.'],0,0
['Tudo muito gostoso e caprichado.'],1,1
['Atendimento muito bom!'],1,1
['Voltei.'],0,0
['Recomendo!'],0,0
['Vista linda e √≥timo atendimento.'],1,1
"['Se quiser entrada, vale a pena experimentar o palmito.']",0,1
"['O polvo estava delicioso, no ponto certo.']",1,1
"['Por fim, adorei a torta de chocolate com castanhas.']",1,1
['Acho muito interessante ter a promo√ß√£o do UBER ao faze a reserva no site do restaurante.'],1,1
"['N√£o como carne h√° anos, mas minha fam√≠lia come, ent√£o sempre vamos ao Rio Brasa, que al√©m das melhores carnes, possuem muitas op√ß√µes de frutos do mar.']",1,1
['O polvo com alho e √≥leo √© demais!'],1,1
['O salm√£o mega fresco e saboroso.'],1,1
"['Ainda na comida japonesa, tem uma especialidade na casa, coxinhas de salm√£o (fina fatia de salm√£o recheada de cream cheese e coberta com gergelim triturado e molho doce) del√≠cia!']",1,1
['Carta de vinho com bons r√≥tulos.'],1,1
"['Se puder, v√° de dia de semana, a qualidade no atendimento √© mil vezes melhor que finais de semana, onde tem muita fila, barulho e correria!']",1,1
['Dia de semana √© tratamento vip e exclusivo!'],0,0
['Situada no largo Zumbi dos Palmares tem o ponto alto no estacionamento que √© em frente.'],0,0
['As mesas e cadeiras s√£o desconfort√°veis √© muito juntas dificultando inclusive o atendimento que mesmo assim √© bom.'],1,-1
['A climatiza√ß√£o √© razo√°vel mas o local √© muito √∫mido.'],1,1
['O WiFi √© sem senha mas muito lento.'],1,-1
['O n√≠vel de ru√≠do do ambiente √© muito alto.'],1,1
['Os toaletes s√£o muito simples e sem cuidado com a limpeza e com um agravante do masculino estar localizado no piso superior com acesso por escada fixa estreita.'],1,1
"['A carta de cervejas √© razo√°vel mas com pre√ßos altos e a carta de vinhos tem 38 itens com pre√ßos desde R$ 10,00 (ta√ßa) at√© R$ 87,09 (Andeluna Malbec Argentino).']",1,1
"['Os pre√ßos das pizzas s√£o: individual R$ 29,90, 1/4 metro R$ 44,90 e 1/2 metro R$ 69,90.']",1,0
['A massa √© alta e se aproxima da que se faz em casa sem descanso da massa √© servida com temperatura de 48 graus e ainda com a pedra com temperatura em torno de 70 graus e portanto sem capacidade de manter a temperatura adequada para consumo.'],1,1
"['Os pre√ßos s√£o altos para que √© oferecido mas a empresa trabalha com site de descontos e da√≠ os pre√ßos ficam adequados, o que acho injusto pois meu no caso paguei o pre√ßo alto j√° que n√£o verifiquei antes e n√£o imprimi do boleto que me daria o desconto.']",1,1
['Custo x benef√≠cio ruim.'],1,-1
"['Este bar, fica a cerca de 30 metros do Palace flat, tem um atendimento excelente, varias marcas de cervejas, sempre bem geladas e assim com o a picanha fatiada no ponto , lugar de gente feliz.']",1,1
"['Quando chegamos √† Maceio, ouvi falar muito do Imperador doa Camar√µes, e obviamente precisei vir conhecer.']",1,0
"['Escolhemos o prato chefe da casa, que √© o famoso ""chiclete de camar√£o"".']",1,1
"['Eh bem diferente e √© gostoso, por√©m tem que gostar muito de queijo, pois o prato tem 04 tipos de queijo diferentes e tem muito camar√£o, essa √© a melhor parte.']",1,1
"['Eles cobram R$6,00 por pessoa de couvert art√≠stico mais a taxa de servi√ßo.']",0,0
"['Quando eu fui, eu paguei apenas o couvert art√≠stico e optei por n√£o tenho pagar a taxa de servi√ßo, pois achei um absurdo pagar o couvert art√≠stico por pessoa mais a taxa de servi√ßo.']",1,-1
['Quem n√£o gosta de um churrasco?'],0,0
"['esse lugar √© um lugar lindo,agrad√°vel e muito confort√°vel,vale a pena.']",1,1
['Sa√≠mos de longe e de outros estados em um grupo de 20 pessoas para Nos divertir-mos.'],0,1
['.'],0,0
"['Se voc√™ n√£o se importa com pedidos errados e com abelhas ou cabelos como na ""pititinga"" que pedimos aqui √© o lugar ideal!']",1,1
"['Conhe√ßo a tradi√ß√£o da casa por fama, mas se depender do sandu√≠che, realmente est√£o num n√≠vel bem alto.']",1,1
['O pit√∫ da Eliane √© uma delicia!'],0,0
"['O Pedro, irm√£o da Eliane, √© um capitulo a mais nessa deliciosa surpresa.']",1,1
['Fui ao La Bocca depois de ler tantos coment√°rios elogiosos e empolgados.'],1,1
['Antes de tudo quero dizer que n√£o entendo o porqu√™ de alguns criticarem tanto a localiza√ß√£o.'],1,1
"['√â uma rua calma, residencial, cujas casinhas lembram bastante os sub√∫rbios cariocas.']",1,0
['Uma gra√ßa!'],0,0
['Agora falarei da comida.'],0,0
['Pedi o t√£o elogiado gnocchi de banana da terra com ragu de ossobuco.'],1,1
"['A primeira garfada √© deliciosa, mas, aos poucos, torna-se enjoativo dada a aus√™ncia de nuances, texturas e camadas de sabores.']",1,1
['O molho de ossobuco peca pelo excesso de sal.'],0,0
"['No geral, um prato correto, mas nada esplendoroso.']",1,1
"['Ressalto, entretanto, que √© um o√°sis comer uma massa fabricada na casa nesse Rio de Janeiro povoado de massas de salgadinho de terceira congeladas disfar√ßadas de gnocchi.']",0,0
['Local com uma decora√ß√£o criativa.'],1,1
['Pequeno.'],1,-1
"['N√£o possui muita variedade e a comida vai de boa a sem gra√ßa, depende do prato e do dia.']",1,1
"['O pre√ßo √© bom para o self-service, mas as bebidas s√£o caras.']",1,1
"['Ao visitar o Shopping Salvador,e caso goste de comida √°rabe uma boa op√ß√£o √© o Farid,l√° voc√™ poder√° saborear as delicias do restaurante com qualidade de um bom servi√ßo.']",1,1
['Um restaurante agrad√°vel com uma carta de vinhos diferenciada e com √≥timas op√ß√µes no card√°pio.'],1,1
['Sugiro o prato de salm√£o e o vinho ‚ÄúPrimitivo de Manduria‚Äù.'],0,0
"['Atendimento bom, comida muito saborosa e bem servida.']",1,1
['Provavelmente vou voltar.'],0,0
['Tem op√ß√µes pra quem n√£o come sushi.'],0,0
['Senti falta de um espa√ßo kids'],0,0
"['Nova padaria que apareceu na cidade do natal, a comida √© perfeita em qualquer horario, caf√© almo√ßo e janta.']",1,1
['pre√ßo um pouco salgado mais que vale a pena pelo otimo atendimento e a qualidade dos alimentos.'],1,1
"['Chocolates ""caseiros"", mas elaborados com requinte e sofistica√ß√£o.']",0,0
"['Achei um pouco gordurosos, mas mesmo assim s√£o gostosos.']",1,1
"['Comida muito bem feita e muito gostosa, parece com a comida que comemos em casa, bom atendimento, a comida est√° sempre quentina e o atendimento sempre muito bom.']",1,1
['Adoro crepes e estes s√£o leves e apetitosos.'],1,1
['Gostei muito dos crepes doces com sorvetes.'],1,1
['Os com saladas tamb√©m s√£o muito bons.'],1,1
"['Adoro o Che, costumo frequentar ao menos 1 vez por m√™s.']",1,1
['As carnes s√£o muito deliciosas e os acompanhamentos tamb√©m.'],1,1
['A carta de vinhos √© muito boa e eles sempre oferecem promo√ß√µes em determinados vinhos.'],1,1
"['O lugar √© muito bonito, meia luz, ideal para jantar em casal ou levar os amigos.']",1,1
['Recomendo!'],0,0
['Foi a melhor descoberta.'],1,1
"['Todo encanto come√ßa pela decora√ß√£o muito aconchegante, passando pela simpatia das funcion√°rias e o ""ponto alto"" √© a qualidade e variedade dos sorvetes, TODOS de excelente qualidade!!!']",1,1
['Sou f√£ desse lugar.'],0,0
"['Amo a gastronomia, amo atendimento de qualidade, amo me sentir a vontade e amo coisas boas, rs.']",1,1
['.. tudo isso eu encontrei na ONI UNO.'],0,0
"['Desejo muuuuito sucesso e uma unidade em √°guas claras, rs.']",0,1
"['N√£o √© s√≥ pra quem gosta de lanches leves, o local de atendimento mant√©m o mesmo padr√£o de qualquer subway no pa√≠s.']",1,1
['O situado na Avenida Abun√£ √© ainda mais confort√°vel.'],1,1
['A comida √© saborosa e as por√ß√µes s√£o muito bem servidas.'],1,1
"['Apesar de ser um pouco caro, vale muito a parada!']",1,-1
['desculpem desaponta-los masn nao entre na onda desse chiclete de camara nada mais e que um monte de queijo derretido em cima que tira todo sabor do camarao ou sera que tinha camarao no prato'],1,1
['Restaurante a quilo com comida gourmet!'],0,0
['Comida saborosa e bem elaborada.'],0,0
"['Grande variedade de saladas, pratos quentes com ingredientes especiais e carnes nobres!']",1,1
['E de sobremesa cheesecake de frutas vermelhas!'],0,0
['Recomendo muito esse restaurante!!!'],1,1
['Maravilhoso!'],1,1
"['Excelente bar, m√∫sica, ambiente, recep√ß√£o sem falar a cerveja n√©.']",1,1
['... s√£o muitas op√ß√µes para degusta√ß√£o.'],1,1
"['Visite este lugar sem medo de ser feliz, n√£o ir√° se arrepender.']",1,1
['Nos amamos trufas entao foi maravilhoso.'],1,1
"['.. O ambiente e pequeno, e bom chegar cedo, comemos de entrada 1 queijo empanado com mel de trufas brancas üòç aqui tbm vende os produtos eu comprei 1 pote de mel para comer em casa, e finalizanos com 2 sobremesas um mousse e um brigadeiro com marshmelow e sorvete de mascarpone com trufas tambem.']",0,0
['.. Tuuudo com trufas.'],1,1
['Muito bom.'],0,0
"['A barraca foi bastante recomendada por um amigo que j√° conhecia Salvador, e por moradores em Stella Maris.']",1,1
"['O card√°pio era bem diversificado com pre√ßos um pouco acima da m√©dia dos lugares que j√° hav√≠amos frequentado, o problema foi que mais de 50% do que tentamos pedir estava em falta (segundo o gar√ßom, que estava visivelmente cansado, o movimento no dia anterior havia superado todas as expectativas da barraca e os fornecedores s√≥ fariam entrega na ter√ßa).']",1,-1
"['A barraca √© bem estruturada, tem quiosque com massoterapeuta para quem deseja relaxar um pouco, acredito que nossa experi√™ncia teria sido positiva se tiv√©ssemos ido no s√°bado ou domingo por√©m, para dias como foi o que n√≥s visitamos, teria sido melhor que estivesse fechada.']",1,1
"['Lugar super charmoso, com decora√ß√£o de fazenda e comida deliciosa.']",1,1
"['Provamos o carro chefe da casa, o roj√£o, uma esp√©cie de kafta de carne de porco muito bem servido para duas pessoas.']",1,1
"['Diz que √© uma entrada, mas comemos como prato principal junto com saladinha para aplacar a culpa.']",1,-1
"['A limonada de lim√£o cravo √© saborosa, mas o tamanho apresentado no card√°pio engana.']",0,0
"['Diz que s√£o 450 ml, mas vem com tanto gelo e rodelas do lim√£o dentro, que o suco mesmo deve ser metade disso.']",0,1
"['Em geral gostamos muito, mas o lugar lota e vale a pena fazer reserva.']",1,1
"['Fizemos e deu tudo certo, mas vimos gente esperando um temp√£o para sentar.']",1,-1
"['O frango desossado √© delicioso, o melhor que j√° provei e os acompanhamentos tamb√©m s√£o deliciosos!']",1,1
['O ambiente deixa a desejar pois n√£o possui ar condicionado e o calor fica mais intenso devido a churrasqueira.'],1,1
"['Um cl√°ssico de Copa, tudo bem simples.']",1,1
['mais atendimento nota 10.'],1,1
['E a comida?'],0,0
['- MARAVILHOSA.'],1,1
['Varias op√ßoes e tudo com muita fartura.'],0,0
"['O Restaurante obt√©m um √≥timo menu, excelentes pratos, ambiente refer√™ncia, aconchegante e agrad√°vel com atendimento dos funcion√°rios √≥timo.']",1,1
['Excelente massa e excelente carne.'],1,1
['Nem percebi que a especialidade era pizzaria.'],0,0
['Excelente custo x benef√≠cio quando comparado com os restaurante do eixo RJ-SP.'],1,1
"['De passagem por BH, √© a minha segunda vez no Glouton.']",0,0
"['√â uma unanimidade, est√° entre os melhores de BH!']",1,1
['Vale ligar antes e fazer reserva.'],0,0
"['Dessa vez fomos numa quarta-feira, ap√≥s as 21h e ainda tinha fila de espera.']",0,0
['Fomos numa entrada de queijo com um molho doce de entrada.'],1,1
['Prato principal: fui no prato a base de Leitoa e pra fechar brownie com sorvete  de creme e whisky (preferi o profiteroles da vez anterior).'],1,0
"['Todos os pratos, de uma maneira geral, s√£o feitos sob medida.']",1,1
"['Sem exagero, mas n√£o muito minguado.']",1,-1
"['Os valores, s√£o caros!']",1,-1
['Natural pela demanda e qualidade.'],1,-1
"['Otimista atendimento, instala√ß√µes minuciosamente devorada √© uma cozinha aqu√°rio com os Chefs preparando e todo restaurante podendo acompanhar como uma vitrine de um shopping.']",1,1
['Vale a experi√™ncia!'],0,1
"['Cerveja gelada, √≥timas op√ß√µes de tira-gosto.']",1,1
['O som tamb√©m √© muito legal e com frequ√™ncia h√° shows ao vivo.'],1,1
['Restaurante organizado.'],0,0
['Pre√ßos acess√≠veis.'],0,0
['Bom atendimento.'],1,1
['Boa diversidade de pratos e op√ß√µes.'],1,1
['Funcion√°rios cort√™s.'],1,1
['Gnochi a la salsa com camar√£o DIVINO!'],0,0
['Uma excelente pedida para quem aprecia esse tipo de massa.'],1,1
"['Prato suculento e bem servido, num ambiente intimista e charmoso.']",1,1
"['Lugar muito bem planejado, aconchegante e maravilhoso.']",1,1
['O petit gateau do mercato √© sensacional.'],1,1
['O atendimento tamb√©m √© muito bom.'],1,1
['√© uma panificadora bem localizada o p√£o tava bem quetinho rsrsrs.'],1,1
['e com um otimo atendimento.'],1,1
['com varios tipos de lanches tbem.'],1,0
"['Um mistura deliciosa, com massas variadas, custo beneficio excelente, ambiente acolhedor, para reunir familias e amigos.']",1,1
['Bufet livre com grelhados na mesa.'],1,1
['.'],0,0
['Al√©m de √≥timas massas e sobremesas.'],1,1
"['Excelente atendimento,  muito prestativo.']",1,1
['Pre√ßo achei um pouco salgado.'],1,-1
['A t√≠pica cozinha italiana est√° bem representada na Barra pelo Ettore.'],1,-1
['Um ambiente aconchegante com diversas op√ß√µes de massas e tamb√©m carnes.'],1,-1
['A carta de vinhos tamb√©m √© interessante e existe a op√ß√£o de tomar somente uma ta√ßa.'],1,1
"['O restaurante possui mesas do lado de fora, ao centro e tamb√©m um ambiente interno, mais reservado.']",0,1
"['As carnes s√£o saborosas, bom preparadas, o buffet √© bem variado, tem boas saladas, lagosta grelhada, polvo, e outras del√≠cias.']",1,1
['O atendimento √© muito bom.'],1,1
['O pre√ßo √© justo para uma churrascaria com uma variedade t√£o boa de carnes.'],1,1
"['Apesar da mesma decora√ß√£o tem√°tica de boteco, o atendimento e o ""glamour"" de boteco se perde um pouco nessa unidade.']",0,0
"['Se sua prefer√™ncia √© por um boteco mesmo, prefira o da Cidade Baixa.']",0,0
"['Apesar da comida ser boa, faltaram gar√ßons em n√∫mero suficiente e ainda anotaram errado o meu pedido.']",1,1
['Atendimento excelente e comida maravilhosa!'],1,1
['Possui op√ß√µes de pre√ßos para todos os bolsos.'],0,0
['Os pratos s√£o muito bem servidos!!'],1,1
['Pra quem gosta de frutos do mar √© um lugar √≥timo!'],1,1
['!'],0,0
"['A culin√°ria local √© excelente, mas nada se compara ao card√°pio e combina√ß√µes que esse restaurante foi capaz de proporcionar.']",1,1
['S√£o pratos que fazem a gente gemer de prazer!'],0,0
['Indico a banda de tambaqui n√£o √© como as demais!'],0,0
['- que vem acompanhada de uma  macaxeira grelhada que √© de rezar.'],0,0
['...'],0,0
"['√ìtimo ambiente para fam√≠lia, conta com parque infantil anexo, aonde as crian√ßas se divertem enquanto os pais seguramente comem (as pizzas s√£o muito boas, nunca comi as panquecas), recomendo a todos com fam√≠lia,']",1,1
"['pizza maravilhosa, bem recheada, massa grossa.']",1,1
"['Decoracao encantadora, tem 2 andares.']",1,1
['Chao coberto de areia.'],0,0
['Atendimento otimo'],1,1
"['nota 10,perfeito p o fim d tarde.']",1,1
['Quem chega cedo tem mesas do lado d fora p curtir o mar'],1,1
['O restaurante tem uma decora√ß√£o bel√≠ssima e um ambiente requintado.'],1,1
"['Os pre√ßos s√£o caros, mas a refei√ß√£o √© simplesmente inesquec√≠vel!']",1,1
['A melhor comida que provei na cidade.'],1,1
"['No dia em que fomos, enfrentamos uma pequena fila de espera e, ap√≥s o pedido,  esperarmos um bocado para o mesmo chegar √† mesa.']",1,-1
"['Ambiente de muito bom gosto, ilumina√ß√£o suave, tudo novinho!']",1,1
"['Card√°pio variad√≠ssimo, de comida nordestina √† oriental!']",1,1
['Grande variedade tamb√©m na parte das bebidas.'],1,1
['Pre√ßo razo√°vel.'],1,1
"['√Äs sextas e s√°bados, de noite, tem m√∫sica instrumental ao vivo, completando o charme do restaurante.']",1,1
['Grata surpresa!'],0,0
"['Parece mais do mesmo, igual a v√°rios outros restaurantes t√≠picos de ""almo√ßo de domingo com a fam√≠lia"", mas acredito que vale a pena registrar: tem um belo salm√£o no buffet, tem parquinho para as crian√ßas, gar√ßons e equipe bem treinada e orientada e bons pre√ßos para as promo√ß√µes do dia, como a costela assada com molho barbecue, que serve muito bem 3 pessoas a R$ 98,00.']",1,1
"['Contudo, algu√©m j√° citou, parece que resolveram aumentar consideravelmente o pre√ßo de outros itens para cobrir o desconto das promo√ß√µes.']",1,-1
"['Nada de anormal, at√© porque, sendo muito parecido com outros lugares, n√£o √© o tipo de restaurante que voc√™ vai mais de um domingo por m√™s.']",1,1
"['..Ent√£o, √© a estrat√©gia que a maioria dos empres√°rios adota.']",1,1
['.. Faz parte.'],0,0
"['Lindo restaurante, ambiente aconchegante em meio a um arborizado jardim.']",1,1
['Card√°pio variado com √≥timas op√ß√µes de vinho e deliciosas sobremesas.'],1,1
['Atendimento e pratos com qualidade e custo / benef√≠cio.'],0,0
['Agrad√°vel ambiente\nLocal com estacionamento seguro'],1,1
"['Local agrad√°vel, bem frequentado e com um servi√ßo bem prestado.']",1,1
['O atendimento superou a expectativa e √© um diferencial do local.'],0,0
['Certamente voltaria e indico para meus amigos.'],0,0
"['Comida t√≠pica nordestina, pratos variados mas o que eu gosto mesmo √© da carne de sol, boa qualidade, bom atendimento (caracterizado pela rapidez e s√£o atenciosos), o restaurante √© bem decorado e espa√ßoso, bom para fam√≠lia e crian√ßas.']",1,1
['A vista vale a visita!'],0,1
['A comida √© razo√°vel e as bebidas s√£o extremamente caras.'],1,-1
['O ambiente √© muito gostoso e oferece uma vista panor√¢mica da cidade de S√£o Paulo vista de um dos mais bonitos hot√©is da cidade.'],1,1
['A partir das 18h tem rod√≠zio de pizza e de crepe no Frontera de Copacabana.'],0,0
['Fora a comida que √© muito boa e o refil de refrigerante a decora√ß√£o do local √© demais.'],1,1
['Fiquei encantada!'],1,1
['!'],0,0
['Local super agrad√°vel e card√°pio com √≥timas opcoes.'],1,1
['Boa carta de vinho.'],1,1
['Excelente para um jantar rom√¢ntico.'],1,1
['Imperd√≠vel.'],0,0
"['Caf√© maravilhoso, p√£o de queijo bem torradinho, atendimento excelente com destaque para as lojas do Ateneu e shooping Midwey.']",1,1
"['Gostei muito do barzinho, com m√∫sica eletr√¥nica em um local que so tem m√∫sica sertaneja.']",1,1
['√ìtima op√ß√£o para dar uma variada e ver gente bonita.'],1,1
['A entrada custa 15 reais.'],0,0
['As bebidas s√£o caras la dentro.'],1,-1
['gosto do Nae.'],0,0
"['Da regi√£o, tem comida variada, pratos que n√£o se encontra em outros restaurantes orientais.']",1,-1
"[""servem um carpaccio de salm√£o com molho 'especial' muito bom, alem de harumakis que s√£o uma delicia.""]",1,1
"['Todavia, tenho notado que o atendimento tem sido ruim.']",1,-1
"['.. da ultima vez, o gar√ßon, desmotivado n√£o sei porque, chegou a falta de educa√ß√£o.']",0,0
"['Pra se ter uma ideia, minha esposa, que como eu, tradicionalmente almo√ßamos no Nae, jurou nunca mais voltar.']",1,0
['Cuidado Nae.'],0,0
"['.. converse, treine seus atendentes.']",0,0
['Restaurante com comida maravilhosa.'],1,1
"['A decora√ß√£o interna e a arquitetura externa s√£o lindas, especialmente a cascata que fica na lateral (feita de alum√≠nio em forma de escamas).']",1,1
['O  servi√ßo √© muito bom!'],1,1
['Melhor restaurante que conheci em Jo√£o Pessoa!'],1,1
['Fui em hibiscus e sai extremamente decepcionada.'],1,-1
"['O local √© lindo, comida boa, mas nao sabem escolher seus funcion√°rios.']",1,1
"['Depois de um bom tempo numa fila dentro do taxi aguardando liberarem nossa entrada , fomos at√© a recep√ß√£o onde encontramos um senhor e duas mocinhas.']",1,1
"['Tal senhor, extremamente grosseiro e mal educado.']",1,-1
"['Disse piadinhas, nos tratou mal porque estavamos indo em dire√ß√£o errada.']",1,-1
['mas qual a fun√ß√£o dele ali se n√£o auxiliar o lugar certo j√° que estava na recep√ß√£o e n√≥s n√£o sab√≠amos?'],1,1
"['Preferiu fazer piadinhas , rebati a gracinha e ele me respondeu muito mal.']",1,-1
"['Entramos, nos acomodamos e fomos a procura dos passeios de lancha.']",1,-1
['Para nosso azar mais uma vez fomos atendidas pelo tal senhor que mais uma vez nos tratou mal.'],1,-1
"['Perguntamos ao taxista que nos levou e ele disse que isso acontece com frequ√™ncia e tal funcion√°rio costuma agir assim , ent√£o porque o estabelecimento n√£o toma provid√™ncias?']",1,-1
['Me senti ofendida e por esse motivo considero o local mais frustrante que visitamos em nossas ferias.'],1,1
['N√£o indicaria!'],0,0
['N√£o vale a pena pagar caro e ainda ser tratada com grosseria.'],1,-1
"['Excelente lugar para ir com a fam√≠lia e amigos, Uma boa pedida e File de merluza, arroz de camar√£o.']",1,1
['.. √ìtimo atendimento.'],1,1
['Excelente leitura da culin√°ria japonesa.'],1,1
['Gerentes e propriet√°rios muito atenciosos.'],1,1
"['Com propostas inusitadas e sem medo de misturar ""cozinhas"" (ceviche, barriga de porco, capucino de cogumelos).']",1,1
['Ambiente bacana.'],1,1
"['Sandro e Lucas o lugar √© muito agrad√°vel, o prato que pedi tem um custo beneficio excelente (espaguete com molho de tomates e Camar√µes por R$ 63,00 para 2 pessoas).']",1,1
"['A √∫nica ressalva √© que tive que pedir para ser atendido algumas vezes, por√©m nada que comprometesse a experi√™ncia']",1,-1
['Restaurante de comida mexicana muito bom localizado perto da Paulista.'],1,1
['Sempre muito lotado e com novos op√ß√µes de drinks como o mojito frozen.'],1,1
"['Sandu√≠ches muito bons e muito recheados, excelente pre√ßo e excelente atendimento.']",1,1
['Super recomendado!'],1,1
"['excelente Card√°pio, √≥timo atendimento.']",1,1
"['ha quem ache caro, mas o restaurante e de extrema qualidade.']",1,-1
"['ambiente super agrad√°vel, aconchegante e bem localizado.']",1,1
"['Galeteria, v√°rias op√ß√µes de salada e massas, al√©m do galeto.']",1,-1
"['Para mim, todas cafeterias s√£o iguais.']",0,0
['..'],0,0
['Melhor pizza de camar√£o de Porto Alegre!'],1,1
['Atendimento cordial e muito r√°pido.'],1,1
['Local muito aconchegante!'],1,-1
"['Com um ambiente moderno inspirado no estilo novaiorquino e menu bem variado, nos surpreendeu a qualidade das carnes.']",1,1
"['O gar√ßom nos sugeriu de acompanhamento o linguine de pupunha, algo que eu n√£o conhecia e gostei muito!']",1,1
['Voltarei muitas vezes!'],1,1
"['Ambiente pra cima, bem descolado.']",1,1
['Inconveniente alem da dificuldade de se estacionar √© a demora no atendimento.'],1,-1
['Os pratos e principalmente os drinks sao mais caros.'],1,0
"['Ambiente descontra√≠do, empadas famosas e gente bacana tomando um choppinho depois do trabalho.']",1,1
['Atendimento bom e o principal: eles servem o chopp brahma black!'],1,1
['O card√°pio de petiscos e bebidas √© bem variado.'],0,0
"['Os pre√ßos dos aperitivos s√£o um pouquinho salgados, mas de maneira geral o Belmonte tem um bom custo-benef√≠cio.']",1,1
"['Fui almo√ßar neste s√°bado, escolhemos o kilo.']",0,0
['N√£o vi nada de diferenciado nos pratos.'],1,0
['Comida comum na minha opini√£o.'],1,-1
"['Os grelhados s√£o bons, mas n√£o de um n√≠vel superior.']",1,1
['Dificilmente voltarei.'],1,-1
['N√£o provei o japon√™s.'],0,0
['Almocei com meu esposo e pedimos a op√ß√£o do restaurant week.'],0,0
['A apresenta√ß√£o do prato estava horr√≠vel e a comida absurdamente gordurosa.'],1,-1
['N√£o tive condi√ß√µes de comer tudo.'],1,-1
['Sensa√ß√£o horr√≠vel de dinheiro desperdi√ßado.'],1,-1
"['Vale super a pena o rod√≠zio, s√≥ n√£o curti muito a parte do rod√≠zio de sushi, mas no geral, acho que vale a pena a experiencia.']",0,1
"['Est√°vamos em 4 pessoas e todos fomos de  Confit de Canard, h√° 2 op√ß√µes de molhos para esse prato e o com vinho, especiarias e emuls√£o de foie estava excelente!!']",1,1
['O Valor da rolha no restaurante √© 70 reais.'],0,0
['Ambiente aconchegante.'],1,-1
"['Pre√ßo um pouco Salgado e nossos pratos demoraram mais de 1 hora, totalmente Compreens√≠vel visto os acontecimentos recentes.']",1,1
['Desejo sucesso e prosperidade para os novos donos.'],1,1
"['Restaurante com cozinha excelente, voltada a peixes e frutos do mar, boa carta de vinho e drinks bem feitos.']",1,1
['Pratos bem montados e fartos.'],0,0
"['Ambiente aberto e de bom gosto, vale a visita.']",1,1
['Boa experi√™ncia em Salvador.'],1,1
"['Casar√£o lindo, bem decorado, comida maravilhosa.']",1,1
['Acho que um dos libaneses que mais gostei.'],1,1
['Ampla carta de vinho.'],1,-1
['√ìtimo pra almo√ßo de domingo sem pressa.'],1,1
"['Tem v√°rias op√ß√µes de pratos, combina√ß√µes diferentes de sushi com uma especial aten√ß√£o para os feitos com Salm√£o.']",1,1
"['Quando o propriet√°rio est√° atendendo, conversa de √≥tima qualidade garantida.']",1,1
"['O menu executivo √© maravilhoso, sabor incompar√°vel com drinks e ambiente sofisticados!']",1,1
['Voltarei com certeza!'],1,1
"['conhe√ßo todos os 3 restaurantes Feij√£o de Corda, o da Litor√¢nea, o do S√£o Marcos e este do Olho d√°gua.']",0,0
['A comida n√£o √© l√° essas coisas.'],1,0
['.. depende muito do prato.'],0,0
"['Comi um camar√£o na moranga que estava gostoso, mas num evento que participei, o buffet deixava a desejar com uma carne dura e um peixe meio passado.']",1,1
"['a decora√ß√£o √© bonita, t√≠pica nordestina, por√©m, deixa a desejar quanto ao que serve.']",1,1
"['De que adianta ser bonito aos olhos se n√£o √© ao paladar, n√£o √©?']",1,1
"['Valeu apena apesar de uma espera de meia hora,a recep√ß√£o √© acolhedora pois durante a espera  nos ofereceram por√ß√£o de bata tinha frita e coca cola,apos fomos para uma mesa a qual o pedido sai r√°pido, e a carne deliciosa macia, tamb√©m de entrada foi servido um p√£o a base de mel   bem   diferente e muito gostoso,a cebola que parece uma flor uma delicia,ambiente confort√°vel atendimento legal,obs: as sobremesas s√£o divinas.']",1,1
"['Restaurante bem nordestino mesmo, cada prato delicioso, tem uma carne de sol coberta de queijo, divino, o rubac√£o vale a pena experimentar tamb√©m, enfim podia falar de todos pois peguei um pouco de cada.']",1,1
['..rsss.'],0,0
"['..A decora√ß√£o √© muito surreal com um ambiente todo rural, tudo organizado, limpo, agrad√°vel.']",1,1
['De todos este foi o Melhor restaurante que visitei em Macei√≥  Est√£o de parab√©ns!'],1,1
"['Excelente localiza√ß√£o a beira mar, com op√ß√µes de pratos com frutos do mar, pizza entre outros.']",1,1
['Local agrad√°vel com m√∫sica ao vivo e bom atendimento.'],1,1
"['P√£es, doces e massas.']",0,0
"['Vinhos, sucos e ch√°s.']",0,0
['Dificilmente deixar√° de agradar um cliente que busca uma padaria com produtos e bebidas saborosos.'],1,-1
"['O sal√£o amplo, clean, cheio de granito no piso e nas mesas, mas as vantagens param por ai.']",1,1
"['O estacionamento √© dif√≠cil e longe, o atendimento n√£o chega comprometer, mas √© meio esquisito, o s lanches s√£o sem sabor, uma batata empanada √© servida como r√∫stica.']",1,-1
['Os pre√ßos s√£o exorbitantes pelo que oferece.'],0,1
['Pelo mesmo valor d√° para comer em locais melhores.'],1,1
['..'],0,0
['Pedimos o almo√ßo executivo e estava tudo uma del√≠cia.'],1,1
"['Carne generosa , suculenta e acompanhamentos deliciosos e √† vontade.']",1,1
['Gar√ßons prestativos e atenciosos.'],1,1
['Valeu muito a pena pela qualidade.'],0,1
['Voltaremos com certeza.'],1,1
"['Os pratos acompanham salada, acompanhamentos e sobremesa.']",0,0
"['√â um restaurante t√≠pico, super aconchegante, pedimos uma mariscada.']",1,-1
['.. deliciosa!'],1,1
['Pre√ßo m√©dio.'],1,-1
['.'],0,0
['Atendimento excelente.'],0,0
['.. gosto de lugares que valorizam a pr√≥pria cultura.'],0,0
['A Bahia √© linda e est√° muito bem representada!'],1,1
"['Lugar para um nome delicioso caf√© com um Cokies muito especial o atendimento faz muito a diferen√ßa, sempre que vou ao shopping S√£o Lu√≠s √© ponto de para obrigat√≥rio .']",1,1
"['Da recep√ß√£o inicial ao final da conta, o restaurante √© √≥timo.']",1,1
"['Atendimento impec√°vel, pois √© educado, simp√°tico e te ajuda na escolha de tudo que voc√™ quer pedir quando √© sua primeira visita.']",1,1
['O Bar √© sensacional.'],1,1
"['Sem d√∫vida, o melhor Moscow mule do Rio de Janeiro!']",1,1
['Parab√©ns a toda equipe do bar.'],0,0
['O pre√ßo √© justo para a qualidade √© o atendimento.'],1,1
['A comida √© MUITO BOA √© o atendimento √© perfeito.'],1,1
"['Por favor, continuem assim, OIA.']",0,0
"['O Rio precisa de lugares com esta qualidade, atendimento e este astral.']",0,0
['Parab√©ns!!!!!!'],0,0
"['Hoje, para mim, √© um dos melhores restaurantes do Rio!']",1,1
"['Atendimento ruim, os gar√ßons est√£o despreparados, os pratos s√£o gostosos, j√° os drinks s√£o razo√°veis.']",1,1
"['O card√°pio e a carta de vinhos, aliados ao atendimento e o novo endere√ßo no Flamboyant comprovam a bela administra√ß√£o do Piquiras,']",1,1
['Atendimento p√©ssimo no hor√°rio de almo√ßo durante a semana.'],1,-1
['Comida cara e com por√ß√µes pequenas.'],1,-1
"['Trouxeram minha conta errada,prato do dia estava  na promo√ß√£o em uma t√°bua na rua e quando a conta chegou estavam cobrando o pre√ßo do card√°pio original.']",1,-1
['√â uma das melhores op√ß√µes de Porto Alegre para comer uma boa massa.'],1,1
['O atendimento √© excelente fui atendido pelo gar√ßom Gilson.'],1,1
['O local fica no centro de Porto Alegre.'],0,-1
['Recomendo ir de t√°xi ou uber.'],0,0
"['Gostei muito do ambiente: uma casa antiga com muitos quadros, excelente para um jantar com um bom vinho.']",1,1
"['A melhor hamburgueria de Jo√£o Pessoa poderia estar instalada em Manhattan, dado o seu estilo e a sua cozinha impec√°veis.']",1,1
['A mistura de ingredientes requintados e deliciosos torna a experi√™ncia muito apraz√≠vel e pede muitas voltas.'],1,1
['excelente ambiente e tempero maravilhoso.'],1,1
['Os garc√ßons s√£o bastante organizados e atenciosos e o valor n√£o √©  muito alto.'],1,1
"['Excelentes op√ß√µes de pratos, pre√ßos justos, atendimento na medida e ambiente super agrad√°vel.']",1,1
"['Erraram no prato infantil da minha filha mas deixaram de cobrar, o que foi muito justo!']",1,1
['Esta √© nossa segunda visita e com certeza voltaremos mais vezes!'],0,1
['Melhor bar e choveria para ir aos finais de semana!'],1,1
"['Sempre excelentes comidas e petiscos para todos os gostos, frango, parmegianas, peixes e v√°rios outros.']",1,1
['E nas sextas e domingos tem o DJ MK Jay tocando uma sele√ß√£o de House para animar o fim de semana!'],0,0
"['localizado em um quiosque no meio da quadra no sudoeste, oferece comida boa, barata e cerveja gelada.']",1,1
['ambiente agrad√°vel'],1,1
['Eu acho este lugar incr√≠vel.'],1,1
"['As carnes s√£o √≥timas, n√£o ha uma variedade muito grande, mas a qualidade do que √© servido √© muito, muito, bom.']",1,1
"['O pre√ßo de uma refei√ß√£o completa com mais ou menos duas cervejas, entrada, prato principal, licor, cafe e sobremesa para dois sai por aprox.']",1,1
"['R$ 350,00.']",0,0
"['N√£o √© para todo bolso, mas vale a pena.']",0,1
"['Lugar agrad√°vel, com m√∫sica ao vivo de qualidade.']",1,1
['Pratos deliciosos e variados.'],1,1
['Bom ambiente para fam√≠lia e amigos.'],1,1
"['Ambiente agrad√°vel, funcion√°rios gentis, comida saborosa.']",1,1
"['Observa√ß√£o se o cliente for usar cupom de desconto pois os hor√°rios s√£o diferentes, o que acho absurdo.']",1,-1
"['Esquina √© bom para sair com os amigos, tem um ambiente propicio para uma boa conversa e uns drinks, vale a pena para relaxar depois de um  dia corrido nessa cidade louca haha']",1,1
['Um restaurante que oferece um bom custo benef√≠cio.'],1,1
['Comida gostosa.'],1,1
"['N√£o √© um rod√≠zio muito variado, mas atende bem com o b√°sico.']",1,-1
['Atendimento muito bom.'],1,1
['Recomendo.'],0,0
['20 biqueiras de cerveja.'],0,0
"['V√°rios tipos, para agradar a todos.']",1,0
"['Muita qualidade, tanto nas cervejas, quanto no atendimento.']",0,0
['Vale a pena visitar e virar cliente!'],1,1
"['Se o F√°bio indicar uma cerveja, v√° na dele.']",0,0
['Raramente n√£o acerta!'],1,1
['O restaurante por si so ja vale a visita.'],0,1
['Arquitetura exuberante.'],1,1
"['Afora isso os pratos sao extremamente saborosos e bem servidos, atendem facilmente a 3 pessoas.']",1,1
"['Ambiente muito agrad√°vel, climatizado,atendimento Cortez e atencioso,pratos deliciosos,√≥timo pra reunir fam√≠lia ou amigos.']",1,1
['Excelente restaurante tem√°tico e ainda possui lembrancinhas que podemos comprar na saida do mesmo!'],1,1
['Possui esquema de kg e mta variadade de comida tipica.'],1,-1
['COMIDA MARAVILHOSA!'],1,1
['Com certeza indicaria e voltaria l√°.'],1,0
['Proximo aos principais hoteis proximo a praia e alguns hoteis possuem esquema de traslado para o mesmo.'],1,1
['..'],0,0
"['Ambiente agrad√°vel, atendimento bom !!']",1,1
['Pratos para todos os gostos.'],0,0
['... de entrada a casquinha de Siri √© uma √≥tima op√ß√£o !!!'],1,1
"['pedi o famoso ""chiclete de camar√£o"" que vem 5 op√ß√µes de queijo e achei muito gostoso (enquanto quente, quando esfria o queijo fica duro e enjoativo) as outras pessoas que estavam comigo experimentaram o esperto de lagosta (TOP), camar√£o ao catupiry (TOP tbm), camar√£o na manteiga com ervas da horta (excelente) e filet mignon ao molho vinho e pimenta verde com talharim ao molho parmes√£o (carne um pouco dura) de sobremesa p√©tit gateau (muito bom) e mousse de maracuj√° com doce de manga rosa e sorvete de tapioca (delicia de sobremesa t√≠pica) enfim , vale a pena !']",1,1
['Super recomendo!'],1,1
['Este restaurante √© muito conhecido pela qualidade da sua comida.'],0,0
['A especialidade s√£o os frutos do mar.'],0,0
['A moqueca de camar√£o √© muito boa.'],1,1
"['Lugar maravilhoso, comida de qualidade.']",1,1
"['O pre√ßo n√£o √© barato, mas quem preza por uma excelente refei√ß√£o vale muito a pena.']",1,1
"['Toda vez, que estou em Aracaju,eu almo√ßo l√°.']",0,0
['Vale a pena ir  na sal e brasa.'],0,1
"['Variedade de carnes, saladas, e buffet.']",0,0
['Mas  Tem dias a noite q deixa a desejar.'],0,0
['Pre√ßo alt√≠ssimo nas bebidas e sobremesas.'],1,1
['E ainda cobra couvert art√≠stico por pessoa.'],1,1
"['O que acho que deveria ser opcional, e n√£o obrigat√≥rio.']",0,0
"['Excelente lugar para voc√™ apreciar aquela picanha suculenta, √≥timo atendimento, ambiente climatizado para voc√™ saborear uma deliciosa picanha no bafo.']",1,1
['Excelente atendimento feito pelo Iago.'],1,1
['Muito obrigada pela aten√ß√£o.'],1,1
['Restaurante com √≥tima qualidade e atendimento.'],1,1
"['Almocei  neste restaurante por  ser o primeiro que apareceu pois estava com pressa para apanhar o avi√£o, por√©m valeu muito pois desde a patola de caranguejo at√© ao cabrito no forno , estava todo muito bom embora a carta de vinhos ( parece geral em todos os restaurantes da regi√£o os vinhos s√£o caros) fosse al√©m do normal em quest√£o de pre√ßo.']",1,1
['O dono espanhol de Vigo muito atencioso.'],1,1
"['A comida √© muito gostosa mas o ponto alto √© o atendimento, fomos atendido pela luzicleide e pelo marinaldo ambos s√£o muito prestativos e atenciosos.']",1,1
"['Lugar e m√∫sica agrad√°veis, vale a volta.']",1,1
"['O √∫nico ponto de melhoria √© que pedimos o camar√£o recheado com catupiry, apesar de eles terem usado um requeij√£o gostoso n√£o era catupiry.']",1,0
"['√ìtimo restaurante, sendo uma boa pedida para quem come pouco.']",1,1
['Bif√™ bastante variado e com sobremesas deliciosas.'],1,1
['Atendimento √≥timo!'],1,1
['E moqueca muito boa.'],1,1
['Ambiente bem descontra√≠do excelente custo.'],1,1
['benef√≠cio.'],0,0
['Para quem n√£o come muito 1 moqueca √© suficiente para 3 pessoas!'],1,1
"['Barraca de praia que serve principalmente frutos do mar, possui uma estrutura razo√°vel mas dentro do necess√°rio para um apoio na praia.']",1,1
"['Servem pratos regionais executivos tendo op√ß√µes avulsas de por√ß√µes como o Cux√°, Arroz de Toucinho,  Vatap√° e Farofa com Caranguejo.']",1,0
['Foi ao manekineko (casa shopping) com minha esposa e mais uma vez fomos atendidos de forma excepcional.'],1,1
['Gostaria de parabenizar toda equipe de funcionarios em especial ao gar√ßon Tadeu e ao gerente Rafael que nos atenderam de forma exemplar.'],1,1
['Voltaremos mais vezes devido ao atendimento que nos foi dado.'],1,1
"['Fomos num s√°bado, ambiente elegante, equipe gentil e simp√°tica.']",1,1
"['Comemos um curry bem gostoso, mas o fil√© n√£o era fil√©.']",1,1
['A sobremesa (wonton de abacaxi com gel√©ia de pimenta e sorvete) estava √≥tima.'],1,1
"['Apesar de n√£o pertencer ao p√∫blico principal da casa (gamers), fiquei muito satisfeita com o ambiente, o atendimento, os drinks e petiscos.']",1,1
['Vale muito a pena.'],0,1
"['Se tratando de uma casa do Fasano, a expectativa √© sempre alta.']",1,1
['E o Parigi Bistrot n√£o decepciona.'],0,0
['Atendimento muito atencioso e cort√™s.'],1,1
['Servi√ßo impec√°vel com muita consist√™ncia.'],1,1
"['Os pratos vieram no tempo correto, com excelente apresenta√ß√£o.']",1,1
['Atendimento no bar durante a espera muito bom.'],1,1
['Boa carta de vinhos.'],1,1
"['O pre√ßo √© salgado, mas vale pela experi√™ncia e excel√™ncia nos pratos.']",0,1
"['Almo√ßo de s√°bado, sem fila, ambiente muito agrad√°vel e fofo, atendimento √≥timo.']",1,1
"['Pedimos uma lasanha de camar√£o com queijo brie pra 2, que estava √≥tima, e uma lasanha de bacalhau, que tamb√©m estava gostosa mas tinham algumas espinhas que incomodaram.']",1,1
['De sobremesa o pav√™ bottino √© dos deuses!'],0,0
['√ìtima comida italiana!'],1,1
['!'],0,0
"['Restaurante sofisticado, com bela vista, situado no shopping cidade jardim.']",1,1
['Card√°pio focado pratos italianos.'],0,0
['Em todas visita que fizemos estava excelente!'],1,1
"['Carta de vinhos, boa, acho valor pouco elevados valores dos vinhos,  comparado com outros restaurantes,  mas n√£o tira brilho.']",1,1
['Vale muito a visita'],0,1
['Um dos melhores restaurante que ja fui em S√£o Paulo.'],1,1
"['O ambiente √© simples e agradavel, o patio no fundo √© muito aconchegante.']",1,1
"['O servi√ßo √© atencioso e cordial, como dever ser e ao nivel do restaurante.']",1,1
"['Para uma primeira vez vale o menu degusta√ß√£o, onde √© possivel apreender o cardapio e justo de valor pela excelencia dos pratos.']",1,1
"['Os bombons de entrada, a lula, cordeiro e tuberculos.']",0,0
['.. muito muito bom.'],1,1
"['Comida boa bom churasco, a casa serve tambem comida Japonesa, porem o ``senhor que nos recepciona Sr Hugo`` n√£o foi honesto na decri√ß√£o dos valores, pois minha esposa nao come churrasco e foi me dito um pre√ßo por kilo na comida japonesa porem na hora de pesar era outro, ele veio com desculpas esfarrapadas e passou a ser antip√°tico ou seja fiquem experto!!']",1,1
['!'],0,0
"['Umas das melhores,  se n√£o, a melhor esfiha de SP.']",1,1
['Super recomendo.'],1,1
"['A esfiha √© feita na hora, quentinha, imposs√≠vel n√£o pedir mais!!']",1,1
['V√° e certamente voltar√°!'],1,1
"['Era muito bom  pena que a qualidade despencou,  estive jantando l√° semana passada e infelizmente constatei que o KAWA n√£o √© mais o mesmo.']",1,1
"['Peixe servido n√£o era nada fresco, comida em geral fria, shimeji totalmente frio e salgado, excesso de arroz nos sushis, atendimento dos funcion√°rios deixou a desejar.']",1,-1
['Ainda bem que S√£o paulo tem outras op√ß√µes.'],1,1
['N√ÉO RECOMENDO !'],0,0
['Melhor sorveteria da cidade!!!!!!'],1,1
"['Vale muito a pena, principalmente ap√≥s um passeio a beira mar.']",1,1
['Venham conhecer.'],0,0
['Um √≥timo lugar para comer um bom churrasco.'],1,1
['Os pre√ßos s√£o razo√°veis e o rod√≠zio de pizza tbm n√£o deixa a desejar no card√°pio.'],1,1
"['O melhor do restaurante, √© sem d√∫vidas, o bom atendimento e a tem√°tica do ambiente.']",1,1
['Lugar bom e bonito.'],1,1
['Comida bem preparada.'],0,0
"['Atendimento eficiente, pre√ßo na m√©dia de outros lugares.']",1,-1
['Super indico !'],1,1
"[""Domino's √© Domino's!""]",0,0
"['Mas, neste caso, √© prefer√≠vel ligar ou retirar no balc√£o do que planejar comer no restaurante!']",1,1
"['Copos de Pl√°stico, Mesas Sujas, Atendimento bem fraco!']",1,-1
"['Quando pedi para me embrulharem a outra metade da pizza para viagem, me deram uma caixa e nada mais!']",1,-1
"['Fiquei esperando, mas, nenhuma rea√ß√£o da outra parte em servir ao cliente!']",1,-1
['Fraco!'],1,-1
"['Excelente rodizio, Buffet variado e excelente  ambiente familiar .']",1,1
"['Voce n√£o pode deixar xe experimentar o pure de macaxeira, a farofa e os doces.']",1,1
['Cada dia que vou na Quitinete me apaixono mais pela comida!'],1,1
"['O ambiente √© bem aconchegante, com certeza recomendo!']",1,1
"['Sandu√≠che bom e costelinha tbm, pre√ßo um pouco elevado para o tipo de comida por√©m a comida √© boa o atendimento tbm!']",1,1
['Vale a pena conhecer!'],0,1
"['restaurante agrad√°vel,atedimento muito bom, √≥tima comida com pre√ßo justo, excelente localiza√ß√£o.']",1,1
['voltarei mais vezes.'],1,1
['..'],0,0
['Coco Bambu √© sempre uma boa op√ß√£o!'],1,1
['A √∫ltima vez que fomos jantar foi para comemorar o anivers√°rio de uma amiga.'],0,0
"['O ambiente √© super aconchegante, bom atendimento e a comida deliciosa.']",1,1
"['Contudo, se houver promo√ß√µes para compras coletivas deve-se ter mais cautela e paci√™ncia porque o restaurante lota e o atendimento e a comida podem demorar.']",1,1
['Muito bom.'],1,1
['Acho que nas mesas deveria ter um pouco mais de ilumina√ß√£o.'],1,1
['Bom o servi√ßo do bar fazendo sucos personalizados para meus filhos.'],1,1
['Muito sashimi!!'],1,1
"['N√£o acredito em sushi sendo sin√¥nimo de pre√ßo muito alto, mas l√° o pre√ßo √© muito alto, sendo o ponto negativo.']",1,1
['ambiente agrad√°vel e comida deliciosa.'],1,1
['√ìtimo para quem aprecia um bom vinho acompanhado de uma boa massa.'],1,1
"['Culin√°ria local, uma imensa variedade de peixes e os pratos s√£o excepcionais.']",1,1
"['Recomendo o tambaqui, em seus mais variados preparos, que √© muito saboroso.']",1,1
['O atendimento √© bom e foi o melhor restaurante que conhecemos em Manaus.'],1,1
"['A comida √© regional e bem feita, h√° bastante op√ß√µes, o atendimento √© impec√°vel, o pre√ßo o mesmo de um self-service de shopping algo em torno de 60 reais o quilo.']",1,1
"['O que n√£o concordei foi com sua posi√ß√£o em 1¬∫ lugar na cidade, √© apenas um bom self-service e na minha opini√£o comi em pelo menos meia d√∫zia de lugares melhores!']",1,1
"['Igual a todos os outros, inclusive na falta de limpeza nos banheiros, al√©m de poucos sempre sujos, tem um bom estacionamento √© de f√°cil acesso pra quem esta de carro pra quem esta a p√© fica meio deserto a noite']",1,1
"['Est√°vamos de viagem em SP, hospedados bem pr√≥ximo ao restaurante, e por esse motivo resolvemos jantar por l√°.']",1,1
"['Mesmo sendo segunda feira, e passando das 21:50h, fomos muito bem atendidos pelo Jo√£o Paulo.']",1,1
['Experi√™ncia agradabil√≠ssima!!'],1,1
['Os pratos estavam deliciosos e foram servidos com rapidez.'],1,1
['A m√∫sica ao vivo foi um brinde a parte!'],1,1
"['Uma otima pedida para sanduiches, para agradar todos os tipois de paladar.']",1,1
['Bom atendimento e otima localiza√ß√£o'],1,1
"['Com muita variedade, inclusive para os adeptos de saladas, o restaurante inova diariamente mudando o seu card√°pio.']",0,0
"['Fixos, apenas as saladas e seus componentes e os grelhados, todo o resto muda a cada dia.']",1,1
"['De excelente qualidade, embora com pre√ßo um tanto salgado, tem bom atendimento, bonito ambiente e espa√ßo aconchegante.']",1,1
['Gostei bastante desse local.'],1,1
['Vale a pena visitar.'],0,1
['Fica na praia de Ipioca.'],0,0
['A entrada √© 25 reais.'],0,0
['H√° uma excelente estrutura.'],1,1
"['Estive, uma vez mais, no KAMPAI BLUE e fui extremante bem recebido pelo Sr.  NEY, o qual foi de uma presteza e educa√ß√£o dignos de nota.']",1,-1
"['Quanto ao gerente, Sr ARLEY, o mesmo √© sempre muito cort√™s e altamente profissional, mantendo a qualidade do atendimento de sua equipe e qualidade do menu, al√©m de zelar pelo bem estar de todos os clientes.']",1,1
['Parab√©ns KAMPAI BLUE por contar com colabores desse n√≠vel.'],0,0
['Exatamente satisfeito!'],1,1
"['O lugar, muito tradicional, n√£o tem ar condicionado.']",1,0
['S√≥ ventiladores de teto.'],1,0
"['A espera √© grande, mas o sabor do prato recompensa.']",1,1
"['H√° espa√ßo para crian√ßas brincarem e enquanto espera, voc√™ pode pedir petiscos e bebidas.']",0,0
['O prato √© bem servido e gostoso.'],1,1
['Legal desse bar s√£o as cervejas artesanais que s√£o fabricadas na hora.'],1,1
['Tem um sabor muito bom.'],1,1
['Eu recomendo a tradicional que eles chamam de Pilsen.'],1,0
"['Local agrad√°vel, mas nada de especial no sandu√≠che, vale a pena conhecer, j√° repetir fica a cargo de cada um.']",1,1
"['Suco com √°gua de coco, pastel de jaca, docinho de castanhas com cacau e nibs de cacau.']",1,1
['.. A comida vegana mas deliciosa que j√° comi.'],0,0
['Pretendo voltar.'],1,1
"['Local lindo, agrad√°vel, atendimento impec√°vel e comida nota 10!!!']",1,1
['Bolinho de macaxeira com camar√£o  + Meca grelhado + duo de cocada experimentem!'],0,0
['!'],0,0
['Est√°vamos no Prodigy ao lado do Bossa Nova Mall e fomos almo√ßar no Playa Sushi.'],0,0
['Adoramos o Poke!'],1,1
['Sucesso.'],0,1
['Bem feito e pre√ßo justo.'],1,1
['N√£o cheguei a comer nada.'],0,0
['√â uma casa de rock que muitas pessoas v√£o p dan√ßar e paquerar.'],1,1
"['Aos s√°bados, h√° open bar das 2h √†s 4h da manh√£.']",1,0
"['√Äs quintas, h√° show cover dos beatles.']",0,0
"['A m√©dia de bebidas individuais (long neck, drinks, energ√©tico) fica entre 10 a 20 reais.']",1,-1
['√â legal p ir com amigos se divertir despretensiosamente.'],1,1
"['A entrada √© bastante cara(R$50), se vc considerar que n√£o h√° nada demais na estrutura.']",1,-1
['Por√©m √© garantia de um noite divertida em raz√£o do p√∫blico.'],1,1
['Fomos atendidos pelo Gar√ßom Anderson a Maitre Marcial e Celio.'],0,0
['P almo√ßo estava uma del√≠cia.'],1,1
['Recomendo o prato carne de sol do Maranh√£o.'],0,0
"['Excelente restaurante, comida deliciosa e bom atendimento.']",1,1
"['A lasanha tartufo estava perfeita, o bacalhau impec√°vel e o pudim de pistache muito bom.']",1,1
['No Rio Grande do Sul os descendentes de italianos (aqui chamados de Gringos) tem a lideran√ßa das churrascarias.'],0,0
"['Contudo, para confirmar que toda regra tem exce√ß√£o, existe a Churrascaria Schneider tocada por descendentes de alem√£es.']",0,0
['Segue o modelo daquelas que servem as carnes nas mesas por sistema de rod√≠zio.'],0,0
"['Saladas e algumas entradas numa mesa central, estilo buffet, onde tamb√©m s√£o encontrados alguns pratos quentes.']",1,1
['O diferencial fica por conta de outro buffet com deliciosos pratos quentes de frutos do mar.'],1,1
"['Imposs√≠vel provar tudo, tantas s√£o as variedades e no final, para liquidar com qualquer apetite, outra bancada, agora com sobremesas artesanais.']",1,-1
"['Boa Carta de Vinhos, Cervejas gelad√≠ssimas, Refrigerantes, Sucos e um expresso para arrematar.']",1,1
['Possui estacionamento pr√≥prio com seguran√ßa.'],1,1
"['Pre√ßo elevado, mas proporcional √† qualidade.']",1,1
